analyte_id,analyte_id_ordered,nelisa_analyte_name,nelisa_analyte_id,meas_unit_type,uniprot_id_1,uniprot_id_2,gene_id_1,gene_id_2,nsu_max_4pl,pgml_llod,pgml_ulod,analyte_comments
Activin A [NSU],1,Activin A,1,NSU,P08476,,,,161.14330257083,,,
AITRL (GITR Ligand) [NSU],2,AITRL (GITR Ligand),2,NSU,Q9UNG2,,,,168.622773896784,,,
Amphiregulin [NSU],3,Amphiregulin,3,NSU,P15514,,,,210.619018111093,,,
Amyloid beta [NSU],4,Amyloid beta,4,NSU,P05067,,,,219.955046421616,,,
APRIL [NSU],5,APRIL,5,NSU,O75888,,,,172.241486232689,,,
BAFF [NSU],6,BAFF,6,NSU,Q9Y275,,,,87.3933927582941,,,
BCMA (TNFRSF17) [NSU],7,BCMA (TNFRSF17),7,NSU,Q02223,,,,256.150619487276,,,
BDNF [NSU],8,BDNF,8,NSU,P23560,,,,135.200198537782,,,
BMP2 [NSU],9,BMP2,9,NSU,P12643,,,,54.0798305846792,,,
BMP3 [NSU],10,BMP3,10,NSU,P12645,,,,175.181368263285,,,
BMP4 [NSU],11,BMP4,11,NSU,P12644,,,,122.121772245722,,,
BMP6 [NSU],12,BMP6,12,NSU,P22004,,,,39.0513293519399,,,
BMP7 [NSU],13,BMP7,13,NSU,P18075,,,,259.77668311921,,,
BMP9 [NSU],14,BMP9,14,NSU,Q9UK05,,,,256.859496298554,,,
C5/C5a [NSU],15,C5/C5a,15,NSU,P01031,,,,45.7231314939925,,,
Calbindin [NSU],16,Calbindin,16,NSU,P05937,,,,473.229779529519,,,
CCL1 [NSU],17,CCL1,17,NSU,P22362,,,,58.3892444312887,,,
CCL11 [NSU],18,CCL11,18,NSU,P51671,,,,123.998940908077,,,
CCL13 [NSU],19,CCL13,19,NSU,Q99616,,,,142.478535159849,,,
CCL15 [NSU],20,CCL15,20,NSU,Q16663,,,,107.1045159389,,,
CCL16 [NSU],21,CCL16,21,NSU,O15467,,,,68.0753997422446,,,
CCL17 [NSU],22,CCL17,22,NSU,Q92583,,,,136.528219463849,,,
CCL18 [NSU],23,CCL18,23,NSU,P55774,,,,130.623534658107,,,
CCL19 [NSU],24,CCL19,24,NSU,Q99731,,,,258.741428303843,,,
CCL2 [NSU],25,CCL2,25,NSU,P13500,,,,150.783877375253,,,
CCL20 [NSU],26,CCL20,26,NSU,P78556,,,,108.651388209351,,,
CCL21 [NSU],27,CCL21,27,NSU,O00585,,,,150.903627682591,,,
CCL22 [NSU],28,CCL22,28,NSU,O00626,,,,46.2365119487696,,,
CCL23 [NSU],29,CCL23,29,NSU,P55773,,,,134.194747454655,,,
CCL24 [NSU],30,CCL24,30,NSU,O00175,,,,70.8112025230586,,,
CCL25 [NSU],31,CCL25,31,NSU,O15444,,,,119.797449510928,,,
CCL27 [NSU],32,CCL27,32,NSU,Q9Y4X3,,,,32.8742679001462,,,
CCL28 [NSU],33,CCL28,33,NSU,Q9NRJ3,,,,126.196282898452,,,
CCL3 [NSU],34,CCL3,34,NSU,P10147,,,,204.212899668665,,,
CCL4 [NSU],35,CCL4,35,NSU,P13236,,,,192.372107842127,,,
CCL5 [NSU],36,CCL5,36,NSU,P13501,,,,92.0301551239835,,,
CCL7 [NSU],37,CCL7,37,NSU,P80098,,,,92.1183576579378,,,
CCL8 [NSU],38,CCL8,38,NSU,P80075,,,,35.7018863585573,,,
CD14 [NSU],39,CD14,39,NSU,P08571,,,,139.155857749396,,,
CD163 [NSU],40,CD163,40,NSU,Q86VB7,,,,190.650214922678,,,
CD276 (B7-H3) [NSU],41,CD276 (B7-H3),41,NSU,Q5ZPR3,,,,73.5194214882364,,,
CD27L [NSU],42,CD27L,42,NSU,P32970,,,,216.952602129491,,,
CD30 [NSU],43,CD30,43,NSU,P28908,,,,51.0509001988954,,,
CD40L [NSU],44,CD40L,44,NSU,P29965,,,,179.660543130515,,,
CNTF [NSU],45,CNTF,45,NSU,P26441,,,,174.983338278925,,,
CRP [NSU],46,CRP,46,NSU,P02741,,,,168.925639849671,,,
CX3CL1 [NSU],47,CX3CL1,47,NSU,P78423,,,,181.557128842506,,,
CXCL1 [NSU],48,CXCL1,48,NSU,P09341,,,,215.337222415082,,,
CXCL10 [NSU],49,CXCL10,49,NSU,P02778,,,,137.179572945379,,,
CXCL11 [NSU],50,CXCL11,50,NSU,O14625,,,,182.950568642658,,,
CXCL12 (alpha) [NSU],51,CXCL12 (alpha),51,NSU,P48061,,,,93.4790647519835,,,
CXCL12 (beta) [NSU],52,CXCL12 (beta),52,NSU,P48061,,,,36.7010701349125,,,
CXCL13 [NSU],53,CXCL13,53,NSU,O43927,,,,64.7687567368776,,,
CXCL14 [NSU],54,CXCL14,54,NSU,O95715,,,,106.093254318781,,,
CXCL16 [NSU],55,CXCL16,55,NSU,Q9H2A7,,,,279.53556112778,,,
CXCL17 [NSU],56,CXCL17,56,NSU,Q6UXB2,,,,90.1717345462355,,,
CXCL3 [NSU],57,CXCL3,57,NSU,P19876,,,,57.7370257491259,,,
CXCL4 [NSU],58,CXCL4,58,NSU,P02776,,,,204.655921347309,,,
CXCL5 [NSU],59,CXCL5,59,NSU,P42830,,,,180.564954692196,,,
CXCL6 [NSU],60,CXCL6,60,NSU,P80162,,,,110.717944356839,,,
CXCL7 [NSU],61,CXCL7,61,NSU,P02775,,,,62.2759261407274,,,
CXCL9 [NSU],62,CXCL9,62,NSU,Q07325,,,,156.214617905532,,,
Cytochrome C [NSU],63,Cytochrome C,63,NSU,P99999,,,,225.799596226481,,,
EGF [NSU],64,EGF,64,NSU,P01133,,,,102.288764824702,,,
EGFR [NSU],65,EGFR,65,NSU,P00533,,,,253.370636025642,,,
EMMPRIN [NSU],66,EMMPRIN,66,NSU,P35613,,,,175.284749841418,,,
FAS-L [NSU],67,FAS-L,67,NSU,P48023,,,,248.174777832018,,,
FGF-1 [NSU],68,FGF-1,68,NSU,P05230,,,,139.905449576848,,,
FGF-19 [NSU],69,FGF-19,69,NSU,O95750,,,,128.705293637386,,,
FGF-2 [NSU],70,FGF-2,70,NSU,P09038,,,,356.486345507636,,,
FGF-21 [NSU],71,FGF-21,71,NSU,Q9NSA1,,,,272.914693040328,,,
FGF-4 [NSU],72,FGF-4,72,NSU,P08620,,,,90.3589236850169,,,
FGF-6 [NSU],73,FGF-6,73,NSU,P10767,,,,125.710039968653,,,
FGF-7 (KGF) [NSU],74,FGF-7 (KGF),74,NSU,P21781,,,,151.616007141743,,,
FGF-9 [NSU],75,FGF-9,75,NSU,P31371,,,,268.058526908114,,,
FGFR3 (IIIc) [NSU],76,FGFR3 (IIIc),76,NSU,P22607,,,,152.400197394329,,,
FLRG (FSTL3) [NSU],77,FLRG (FSTL3),77,NSU,O95633,,,,168.778415314116,,,
Flt-3 Ligand [NSU],78,Flt-3 Ligand,78,NSU,P49771,,,,150.599600927543,,,
G-CSF [NSU],79,G-CSF,79,NSU,P09919,,,,129.496224465571,,,
GDF-11 (BMP-11) [NSU],80,GDF-11 (BMP-11),80,NSU,O95390,,,,249.286967814632,,,
GDF-15 (MIC-1) [NSU],81,GDF-15 (MIC-1),81,NSU,Q99988,,,,232.445922526986,,,
GDNF [NSU],82,GDNF,82,NSU,P39905,,,,179.549479545324,,,
GM-CSF [NSU],83,GM-CSF,83,NSU,P04141,,,,260.3265543631,,,
Granzyme B [NSU],84,Granzyme B,84,NSU,P10144,,,,112.395869073561,,,
Growth Hormone (Somatotropin) [NSU],85,Growth Hormone (Somatotropin),85,NSU,P01241,,,,253.730868667909,,,
HGF [NSU],86,HGF,86,NSU,P14210,,,,198.811139251852,,,
HVEM [NSU],87,HVEM,87,NSU,Q92956,,,,202.885673395738,,,
ICAM-1 [NSU],88,ICAM-1,88,NSU,P05362,,,,112.182618804991,,,
ICAM-2 [NSU],89,ICAM-2,89,NSU,P13598,,,,110.134982335998,,,
IFN alpha 2 (alpha 2b) [NSU],90,IFN alpha 2 (alpha 2b),90,NSU,P01563,,,,179.350632315219,,,
IFN beta [NSU],91,IFN beta,91,NSU,P01574,,,,148.760534529144,,,
IFN gamma [NSU],92,IFN gamma,92,NSU,P01579,,,,214.869537478757,,,
IFN-epsilon [NSU],93,IFN-epsilon,93,NSU,Q86WN2,,,,242.700327685768,,,
IGF-1 [NSU],94,IGF-1,94,NSU,P05019,,,,124.650772291018,,,
IL-1 alpha [NSU],95,IL-1 alpha,95,NSU,P01583,,,,132.594850634598,,,
IL-1 beta [NSU],96,IL-1 beta,96,NSU,P01584,,,,141.506123551524,,,
IL-1 R1 [NSU],97,IL-1 R1,97,NSU,P14778,,,,291.314659727958,,,
IL-1 RA/RN [NSU],98,IL-1 RA/RN,98,NSU,P18510,,,,94.8561010577535,,,
IL-10 [NSU],99,IL-10,99,NSU,P22301,,,,182.011416665168,,,
IL-11 [NSU],100,IL-11,100,NSU,P20809,,,,204.858818501367,,,
IL-12 p35 [NSU],101,IL-12 p35,101,NSU,P29459,,,,108.005160056977,,,
IL-12 p40 [NSU],102,IL-12 p40,102,NSU,P29460,,,,192.130960758474,,,
IL-12 p70 [NSU],103,IL-12 p70,103,NSU,P29459,,,,264.710532118869,,,
IL-15 [NSU],104,IL-15,104,NSU,P40933,,,,298.644879748744,,,
IL-15/IL-15R alpha complex [NSU],105,IL-15/IL-15R alpha complex,105,NSU,P40933,,,,110.874651499732,,,
IL-16 [NSU],106,IL-16,106,NSU,Q14005,,,,299.074586202405,,,
IL-17A [NSU],107,IL-17A,107,NSU,Q16552,,,,293.905286084973,,,
IL-17B [NSU],108,IL-17B,108,NSU,Q9UHF5,,,,85.2154990199389,,,
IL-17C [NSU],109,IL-17C,109,NSU,Q9P0M4,,,,228.444259140599,,,
IL-17D [NSU],110,IL-17D,110,NSU,Q8TAD2,,,,110.134033400807,,,
IL-17E (IL-25) [NSU],111,IL-17E (IL-25),111,NSU,Q9H293,,,,345.214948812685,,,
IL-17F [NSU],112,IL-17F,112,NSU,Q96PD4,,,,282.505042338271,,,
IL-18 [NSU],113,IL-18,113,NSU,Q14116,,,,199.650729229775,,,
IL-2 [NSU],114,IL-2,114,NSU,P60568,,,,183.411204742757,,,
IL-2 RA [NSU],115,IL-2 RA,115,NSU,P01589,,,,127.864988047065,,,
IL-21 [NSU],116,IL-21,116,NSU,Q9HBE4,,,,150.697821612775,,,
IL-22 [NSU],117,IL-22,117,NSU,Q9GZX6,,,,284.710867969416,,,
IL-22 BP [NSU],118,IL-22 BP,118,NSU,Q969J5,,,,129.720974907678,,,
IL-23 [NSU],119,IL-23,119,NSU,Q9NPF7,,,,80.8005711571981,,,
IL-24 [NSU],120,IL-24,120,NSU,Q13007,,,,163.640610779922,,,
IL-27 [NSU],121,IL-27,121,NSU,Q8NEV9,,,,224.778767191477,,,
IL-28A [NSU],122,IL-28A,122,NSU,Q8IZJ0,,,,113.931692426255,,,
IL-29 [NSU],123,IL-29,123,NSU,Q8IU54,,,,163.431979377363,,,
IL-3 [NSU],124,IL-3,124,NSU,P08700,,,,67.2322916130605,,,
IL-31 [NSU],125,IL-31,125,NSU,Q6EBC2,,,,431.925546092255,,,
IL-32 (alpha) [NSU],126,IL-32 (alpha),126,NSU,P24001,,,,224.928069777898,,,
IL-33 [NSU],127,IL-33,127,NSU,O95760,,,,178.293451752188,,,
IL-35 [NSU],128,IL-35,128,NSU,Q14213,,,,141.089518998517,,,
IL-4 [NSU],129,IL-4,129,NSU,P05112,,,,218.170835957534,,,
IL-5 [NSU],130,IL-5,130,NSU,P05113,,,,155.154529569795,,,
IL-6 [NSU],131,IL-6,131,NSU,P05231,,,,149.135103877221,,,
IL-6 R alpha [NSU],132,IL-6 R alpha,132,NSU,P08887,,,,275.753603149801,,,
IL-7 [NSU],133,IL-7,133,NSU,P13232,,,,156.25817922767,,,
IL-8 [NSU],134,IL-8,134,NSU,P10145,,,,142.758085163785,,,
IL-9 [NSU],135,IL-9,135,NSU,P15248,,,,225.483577079339,,,
Leptin [NSU],136,Leptin,136,NSU,P41159,,,,420.991939038449,,,
LIF [NSU],137,LIF,137,NSU,P15018,,,,271.934592285101,,,
LOX1 (OLR1) [NSU],138,LOX1 (OLR1),138,NSU,P78380,,,,237.332792114395,,,
M-CSF [NSU],139,M-CSF,139,NSU,P09603,,,,160.610446939655,,,
M-CSF R (CD115) [NSU],140,M-CSF R (CD115),140,NSU,P07333,,,,197.832147584858,,,
Mesothelin [NSU],141,Mesothelin,141,NSU,Q13421,,,,258.588573256486,,,
MIF [NSU],142,MIF,142,NSU,P14174,,,,223.702781947977,,,
MMP-1 [NSU],143,MMP-1,143,NSU,P03956,,,,209.171685270629,,,
MMP-10 [NSU],144,MMP-10,144,NSU,P09238,,,,191.781396507123,,,
MMP-12 [NSU],145,MMP-12,145,NSU,P39900,,,,141.827848366277,,,
MMP-2 [NSU],146,MMP-2,146,NSU,P08253,,,,76.9400989539269,,,
MMP-3 [NSU],147,MMP-3,147,NSU,P08254,,,,311.576297790433,,,
MMP-7 [NSU],148,MMP-7,148,NSU,P09237,,,,215.783706014892,,,
MMP-9 [NSU],149,MMP-9,149,NSU,P14780,,,,162.47937843061,,,
NF-L [NSU],150,NF-L,150,NSU,P07196,,,,159.957243586729,,,
NGF beta [NSU],151,NGF beta,151,NSU,P01138,,,,140.94592235748,,,
NRG1 beta 1 [NSU],152,NRG1 beta 1,152,NSU,Q02297,,,,106.353302475725,,,
Oncostatin M (OSM) [NSU],153,Oncostatin M (OSM),153,NSU,P13725,,,,174.297683565594,,,
Osteopontin (OPN) [NSU],154,Osteopontin (OPN),154,NSU,P10451,,,,246.757344629334,,,
PCSK9 [NSU],155,PCSK9,155,NSU,Q8NBP7,,,,92.1540088268378,,,
PDGF-BB [NSU],156,PDGF-BB,156,NSU,P01127,,,,52.7472200042175,,,
PLGF [NSU],157,PLGF,157,NSU,P49763,,,,171.830424992193,,,
PTX3 (Pentraxin 3) [NSU],158,PTX3 (Pentraxin 3),158,NSU,P26022,,,,81.8964704173064,,,
Resistin [NSU],159,Resistin,159,NSU,Q9HD89,,,,158.382031581039,,,
SAA [NSU],160,SAA,160,NSU,P0DJI8,,,,182.416604399673,,,
SCF [NSU],161,SCF,161,NSU,P21583,,,,294.456246885292,,,
ST2 (IL-33R) [NSU],162,ST2 (IL-33R),162,NSU,Q01638,,,,116.342406019718,,,
TGF-beta 1 (LAP domain in precursor) [NSU],163,TGF-beta 1 (LAP domain in precursor),163,NSU,P01137,,,,434.053085593989,,,
TGF-beta 1 (total) [NSU],164,TGF-beta 1 (total),164,NSU,P01137,,,,110.251017495868,,,
TGF-beta 2 [NSU],165,TGF-beta 2,165,NSU,P61812,,,,175.403879557773,,,
TGF-beta 3 [NSU],166,TGF-beta 3,166,NSU,P10600,,,,129.460603376088,,,
Tie-2 [NSU],167,Tie-2,167,NSU,Q02763,,,,396.356360303938,,,
TIMP1 [NSU],168,TIMP1,168,NSU,P01033,,,,185.188507356539,,,
Tissue Factor (TF) [NSU],169,Tissue Factor (TF),169,NSU,P13726,,,,101.184804578162,,,
TNF alpha [NSU],170,TNF alpha,170,NSU,P01375,,,,310.451035615547,,,
TNF RI [NSU],171,TNF RI,171,NSU,P19438,,,,210.314719442312,,,
TNF RII [NSU],172,TNF RII,172,NSU,P20333,,,,210.433504641281,,,
TNF RIII (Lymphotoxin Beta R) [NSU],173,TNF RIII (Lymphotoxin Beta R),173,NSU,P36941,,,,508.483688980372,,,
TPO (Thrombopoietin) [NSU],174,TPO (Thrombopoietin),174,NSU,P40225,,,,103.746934628141,,,
TRAIL [NSU],175,TRAIL,175,NSU,P50591,,,,86.5369613357412,,,
TREM2 [NSU],176,TREM2,176,NSU,Q9NZC2,,,,99.9233898539389,,,
TSLP [NSU],177,TSLP,177,NSU,Q969D9,,,,208.239923180424,,,
TWEAK [NSU],178,TWEAK,178,NSU,O43508,,,,160.033287288039,,,
uPA [NSU],179,uPA,179,NSU,P00749,,,,167.921218054147,,,
VCAM-1 [NSU],180,VCAM-1,180,NSU,P19320,,,,89.1515336960576,,,
VEGF Receptor 2 (Flk-1) [NSU],181,VEGF Receptor 2 (Flk-1),181,NSU,P35968,,,,217.693737732625,,,
VEGF-A (165) [NSU],182,VEGF-A (165),182,NSU,P15692,,,,182.696402417397,,,
VEGF-C [NSU],183,VEGF-C,183,NSU,P49767,,,,139.312465568854,,,
VEGF-D [NSU],184,VEGF-D,184,NSU,O43915,,,,243.505285739654,,,
VEGFR-1 [NSU],185,VEGFR-1,185,NSU,P17948,,,,198.693384751961,,,
WISP-1 (CCN4) [NSU],186,WISP-1 (CCN4),186,NSU,O95388,,,,185.025278150136,,,
XCL1 (Lymphotactin) [NSU],187,XCL1 (Lymphotactin),187,NSU,P47992,,,,88.9979019046515,,,
Activin A [pgML],188,Activin A,1,pgMl,P08476,,,,,196.745578635796,1209590.0916895,
AITRL (GITR Ligand) [pgML],189,AITRL (GITR Ligand),2,pgMl,Q9UNG2,,,,,778.869171121591,1978970.18796206,
Amphiregulin [pgML],190,Amphiregulin,3,pgMl,P15514,,,,,10.5943953697464,61197.9399871163,
Amyloid beta [pgML],191,Amyloid beta,4,pgMl,P05067,,,,,706.582759812317,4593394.7721339,
APRIL [pgML],192,APRIL,5,pgMl,O75888,,,,,39.8173008315689,43472.6329056443,
BAFF [pgML],193,BAFF,6,pgMl,Q9Y275,,,,,2457.79697738918,3859656.8916695,
BCMA (TNFRSF17) [pgML],194,BCMA (TNFRSF17),7,pgMl,Q02223,,,,,25.0542342343068,1527615.82761325,
BDNF [pgML],195,BDNF,8,pgMl,P23560,,,,,40.0302035140704,231745.654548735,
BMP2 [pgML],196,BMP2,9,pgMl,P12643,,,,,82.6941044091863,56913.6950611657,
BMP3 [pgML],197,BMP3,10,pgMl,P12645,,,,,3435.93198452912,3576193.59549692,
BMP4 [pgML],198,BMP4,11,pgMl,P12644,,,,,42.0055477273222,271838.744233761,
BMP6 [pgML],199,BMP6,12,pgMl,P22004,,,,,6637.62703501481,2492498.54028886,
BMP7 [pgML],200,BMP7,13,pgMl,P18075,,,,,401.952582979852,4077372.05453318,
BMP9 [pgML],201,BMP9,14,pgMl,Q9UK05,,,,,4.41001637155473,637405.750585575,
C5/C5a [pgML],202,C5/C5a,15,pgMl,P01031,,,,,2.20711406838363,704066.083406944,
Calbindin [pgML],203,Calbindin,16,pgMl,P05937,,,,,114.272611877551,4726858.64659552,
CCL1 [pgML],204,CCL1,17,pgMl,P22362,,,,,4.42112676883304,8549.21729585922,
CCL11 [pgML],205,CCL11,18,pgMl,P51671,,,,,4.17689198344554,3309.45616734502,
CCL13 [pgML],206,CCL13,19,pgMl,Q99616,,,,,1.55615694493778,5677.53703470253,
CCL15 [pgML],207,CCL15,20,pgMl,Q16663,,,,,0.848781349828806,1824996.840695,
CCL16 [pgML],208,CCL16,21,pgMl,O15467,,,,,16.8430818021861,32570.8738122164,
CCL17 [pgML],209,CCL17,22,pgMl,Q92583,,,,,3.84133108709958,8058.74336986286,
CCL18 [pgML],210,CCL18,23,pgMl,P55774,,,,,1.62018814412282,11258.3979959448,
CCL19 [pgML],211,CCL19,24,pgMl,Q99731,,,,,2.85800526371704,65766.6225436122,
CCL2 [pgML],212,CCL2,25,pgMl,P13500,,,,,1.81539032241461,7488.39797865981,
CCL20 [pgML],213,CCL20,26,pgMl,P78556,,,,,17.3731742684389,14153.3015449269,
CCL21 [pgML],214,CCL21,27,pgMl,O00585,,,,,166.559997238741,620407.271452517,
CCL22 [pgML],215,CCL22,28,pgMl,O00626,,,,,9.61439565930901,39306.7785111515,
CCL23 [pgML],216,CCL23,29,pgMl,P55773,,,,,27.2471980271049,71774.0448570641,
CCL24 [pgML],217,CCL24,30,pgMl,O00175,,,,,9.81399299325973,7561.70259989329,
CCL25 [pgML],218,CCL25,31,pgMl,O15444,,,,,72.6976410418214,132032.267328574,
CCL27 [pgML],219,CCL27,32,pgMl,Q9Y4X3,,,,,282.258040746439,40203.375255748,
CCL28 [pgML],220,CCL28,33,pgMl,Q9NRJ3,,,,,107.29846126642,119355.717311644,
CCL3 [pgML],221,CCL3,34,pgMl,P10147,,,,,0.81788080917872,25261.7920794801,
CCL4 [pgML],222,CCL4,35,pgMl,P13236,,,,,2.84725282528139,154483.699072752,
CCL5 [pgML],223,CCL5,36,pgMl,P13501,,,,,1.51367573149724,4972.55760769641,
CCL7 [pgML],224,CCL7,37,pgMl,P80098,,,,,4.20918425964143,2256.60292686797,
CCL8 [pgML],225,CCL8,38,pgMl,P80075,,,,,28.0328322691783,36665.1473606353,
CD14 [pgML],226,CD14,39,pgMl,P08571,,,,,64.7932419700698,1918925.06941681,
CD163 [pgML],227,CD163,40,pgMl,Q86VB7,,,,,4418.99991910822,5081930.74094814,
CD276 (B7-H3) [pgML],228,CD276 (B7-H3),41,pgMl,Q5ZPR3,,,,,480.57794682015,1894273.38804241,
CD27L [pgML],229,CD27L,42,pgMl,P32970,,,,,1471.45880871327,5025578.05359659,
CD30 [pgML],230,CD30,43,pgMl,P28908,,,,,2206.39651327934,1911324.31733481,
CD40L [pgML],231,CD40L,44,pgMl,P29965,,,,,25.4281437983996,254792.312252501,
CNTF [pgML],232,CNTF,45,pgMl,P26441,,,,,107.355994550717,3958389.12911418,
CRP [pgML],233,CRP,46,pgMl,P02741,,,,,68.5538091936217,1094660.11639743,
CX3CL1 [pgML],234,CX3CL1,47,pgMl,P78423,,,,,398.24744775759,2045099.11384986,
CXCL1 [pgML],235,CXCL1,48,pgMl,P09341,,,,,9.72276717328152,349776.560797401,
CXCL10 [pgML],236,CXCL10,49,pgMl,P02778,,,,,26.4481256494088,28973.7686014186,
CXCL11 [pgML],237,CXCL11,50,pgMl,O14625,,,,,13.478239808121,21128.0972288026,
CXCL12 (alpha) [pgML],238,CXCL12 (alpha),51,pgMl,P48061,,,,,7.28909019534458,110544.519504188,
CXCL12 (beta) [pgML],239,CXCL12 (beta),52,pgMl,P48061,,,,,24.8628538332337,530347.629606172,
CXCL13 [pgML],240,CXCL13,53,pgMl,O43927,,,,,7.0749811526408,10017.3697376473,
CXCL14 [pgML],241,CXCL14,54,pgMl,O95715,,,,,272.543741196191,196485.716167843,
CXCL16 [pgML],242,CXCL16,55,pgMl,Q9H2A7,,,,,3.14973186523258,1145094.02671272,
CXCL17 [pgML],243,CXCL17,56,pgMl,Q6UXB2,,,,,210.508740652706,358436.452347002,
CXCL3 [pgML],244,CXCL3,57,pgMl,P19876,,,,,4.78379487321344,7027.79104112486,
CXCL4 [pgML],245,CXCL4,58,pgMl,P02776,,,,,85.3639512758735,337634.017153098,
CXCL5 [pgML],246,CXCL5,59,pgMl,P42830,,,,,3.9678890985451,92632.8607389397,
CXCL6 [pgML],247,CXCL6,60,pgMl,P80162,,,,,17.5495054500448,10813.8851014785,
CXCL7 [pgML],248,CXCL7,61,pgMl,P02775,,,,,17.929152210403,26551.749181112,
CXCL9 [pgML],249,CXCL9,62,pgMl,Q07325,,,,,248.140576213805,212187.346362248,
Cytochrome C [pgML],250,Cytochrome C,63,pgMl,P99999,,,,,463.635013543962,2199859.45180753,
EGF [pgML],251,EGF,64,pgMl,P01133,,,,,4.41353015272092,84256.175653087,
EGFR [pgML],252,EGFR,65,pgMl,P00533,,,,,34.160647686192,2397490.13815602,
EMMPRIN [pgML],253,EMMPRIN,66,pgMl,P35613,,,,,212.224285487981,2474241.52412927,
FAS-L [pgML],254,FAS-L,67,pgMl,P48023,,,,,21.1273277458493,1777413.40052958,
FGF-1 [pgML],255,FGF-1,68,pgMl,P05230,,,,,209.894978061473,1960886.07494346,
FGF-19 [pgML],256,FGF-19,69,pgMl,O95750,,,,,38.2944630433391,388922.832193509,
FGF-2 [pgML],257,FGF-2,70,pgMl,P09038,,,,,12.3640660751189,163063.340847103,
FGF-21 [pgML],258,FGF-21,71,pgMl,Q9NSA1,,,,,185.228775514458,3138759.05532391,
FGF-4 [pgML],259,FGF-4,72,pgMl,P08620,,,,,32.4822460926627,149736.246217146,
FGF-6 [pgML],260,FGF-6,73,pgMl,P10767,,,,,28.7519102866697,83699.1181641064,
FGF-7 (KGF) [pgML],261,FGF-7 (KGF),74,pgMl,P21781,,,,,7.4230047793054,51646.4099468588,
FGF-9 [pgML],262,FGF-9,75,pgMl,P31371,,,,,39.8954847779967,709124.411043002,
FGFR3 (IIIc) [pgML],263,FGFR3 (IIIc),76,pgMl,P22607,,,,,491.078725527823,1683127.20745759,
FLRG (FSTL3) [pgML],264,FLRG (FSTL3),77,pgMl,O95633,,,,,34.0120155990523,562632.45262287,
Flt-3 Ligand [pgML],265,Flt-3 Ligand,78,pgMl,P49771,,,,,24.1722329858672,785117.143742035,
G-CSF [pgML],266,G-CSF,79,pgMl,P09919,,,,,27.9226212804651,165435.315485559,
GDF-11 (BMP-11) [pgML],267,GDF-11 (BMP-11),80,pgMl,O95390,,,,,357.766191064202,3636314.06587558,
GDF-15 (MIC-1) [pgML],268,GDF-15 (MIC-1),81,pgMl,Q99988,,,,,6.32233739648873,275478.482443686,
GDNF [pgML],269,GDNF,82,pgMl,P39905,,,,,7.16880602279192,70799.1122565389,
GM-CSF [pgML],270,GM-CSF,83,pgMl,P04141,,,,,26.8384669561529,1394794.68441884,
Granzyme B [pgML],271,Granzyme B,84,pgMl,P10144,,,,,4944.67824608586,5042123.0724068,
Growth Hormone (Somatotropin) [pgML],272,Growth Hormone (Somatotropin),85,pgMl,P01241,,,,,43.2807903198775,2219777.7280664,
HGF [pgML],273,HGF,86,pgMl,P14210,,,,,198.680605246275,866245.846720965,
HVEM [pgML],274,HVEM,87,pgMl,Q92956,,,,,42.0086241828477,1409569.52301721,
ICAM-1 [pgML],275,ICAM-1,88,pgMl,P05362,,,,,190.81714101416,1261958.31337988,
ICAM-2 [pgML],276,ICAM-2,89,pgMl,P13598,,,,,2412.47005237311,4344054.64035576,
IFN alpha 2 (alpha 2b) [pgML],277,IFN alpha 2 (alpha 2b),90,pgMl,P01563,,,,,23.8211173616411,702757.165234221,
IFN beta [pgML],278,IFN beta,91,pgMl,P01574,,,,,15.3075731488652,280562.728322915,
IFN gamma [pgML],279,IFN gamma,92,pgMl,P01579,,,,,37.2963439394781,86111.1434665143,
IFN-epsilon [pgML],280,IFN-epsilon,93,pgMl,Q86WN2,,,,,1209.24480378187,4005937.88527025,
IGF-1 [pgML],281,IGF-1,94,pgMl,P05019,,,,,3794.36251150174,5171925.56860198,
IL-1 alpha [pgML],282,IL-1 alpha,95,pgMl,P01583,,,,,17.3448268449485,295616.959000958,
IL-1 beta [pgML],283,IL-1 beta,96,pgMl,P01584,,,,,12.6957191515403,359200.633627903,
IL-1 R1 [pgML],284,IL-1 R1,97,pgMl,P14778,,,,,82.1871935257354,2132424.27599211,
IL-1 RA/RN [pgML],285,IL-1 RA/RN,98,pgMl,P18510,,,,,103.800558542289,1571039.75056324,
IL-10 [pgML],286,IL-10,99,pgMl,P22301,,,,,10.3779720378673,782908.1243866,
IL-11 [pgML],287,IL-11,100,pgMl,P20809,,,,,15.2942902640195,3784602.27717276,
IL-12 p35 [pgML],288,IL-12 p35,101,pgMl,P29459,,,,,41.3478860280742,1421514.61446292,
IL-12 p40 [pgML],289,IL-12 p40,102,pgMl,P29460,,,,,15.3683143337222,1164816.82412311,
IL-12 p70 [pgML],290,IL-12 p70,103,pgMl,P29459,,,,,10.2476044733297,482660.292764797,
IL-15 [pgML],291,IL-15,104,pgMl,P40933,,,,,16.5124130075707,837475.949904987,
IL-15/IL-15R alpha complex [pgML],292,IL-15/IL-15R alpha complex,105,pgMl,P40933,,,,,65.5047678962391,1264026.69035235,
IL-16 [pgML],293,IL-16,106,pgMl,Q14005,,,,,14.8947573585864,3238757.66117747,
IL-17A [pgML],294,IL-17A,107,pgMl,Q16552,,,,,24.2077956556366,1248298.51684027,
IL-17B [pgML],295,IL-17B,108,pgMl,Q9UHF5,,,,,91.2884276469297,107538.63064078,
IL-17C [pgML],296,IL-17C,109,pgMl,Q9P0M4,,,,,189.709145218866,1482069.33811559,
IL-17D [pgML],297,IL-17D,110,pgMl,Q8TAD2,,,,,38.0170362277872,47339.0858280954,
IL-17E (IL-25) [pgML],298,IL-17E (IL-25),111,pgMl,Q9H293,,,,,14.8460830525948,5242115.9890156,
IL-17F [pgML],299,IL-17F,112,pgMl,Q96PD4,,,,,5.19928578520969,3368385.81731799,
IL-18 [pgML],300,IL-18,113,pgMl,Q14116,,,,,49.4527037950111,847311.596339278,
IL-2 [pgML],301,IL-2,114,pgMl,P60568,,,,,4.91073082789936,381918.754747611,
IL-2 RA [pgML],302,IL-2 RA,115,pgMl,P01589,,,,,70.3629380602222,2167941.47343297,
IL-21 [pgML],303,IL-21,116,pgMl,Q9HBE4,,,,,0.885796506655183,20195.8301627884,
IL-22 [pgML],304,IL-22,117,pgMl,Q9GZX6,,,,,14.2675381599391,426952.734579196,
IL-22 BP [pgML],305,IL-22 BP,118,pgMl,Q969J5,,,,,6252.88445127834,4807156.25027003,
IL-23 [pgML],306,IL-23,119,pgMl,Q9NPF7,,,,,214.077977356404,1338370.48291634,
IL-24 [pgML],307,IL-24,120,pgMl,Q13007,,,,,103.635127347048,3367547.52080683,
IL-27 [pgML],308,IL-27,121,pgMl,Q8NEV9,,,,,11.8053137039168,382619.869983294,
IL-28A [pgML],309,IL-28A,122,pgMl,Q8IZJ0,,,,,11.69623631265,1627137.73115779,
IL-29 [pgML],310,IL-29,123,pgMl,Q8IU54,,,,,32.6039818343716,4271342.21949006,
IL-3 [pgML],311,IL-3,124,pgMl,P08700,,,,,193.522963855922,273769.851281641,
IL-31 [pgML],312,IL-31,125,pgMl,Q6EBC2,,,,,22.120191058662,4483781.77614295,
IL-32 (alpha) [pgML],313,IL-32 (alpha),126,pgMl,P24001,,,,,193.864124859763,3316992.54507127,
IL-33 [pgML],314,IL-33,127,pgMl,O95760,,,,,23.8570309416202,1044615.07262133,
IL-35 [pgML],315,IL-35,128,pgMl,Q14213,,,,,383.691344461872,4345275.13880114,
IL-4 [pgML],316,IL-4,129,pgMl,P05112,,,,,3.83039817080387,211887.253694497,
IL-5 [pgML],317,IL-5,130,pgMl,P05113,,,,,13.6738926802455,175720.499887139,
IL-6 [pgML],318,IL-6,131,pgMl,P05231,,,,,18.6220760643684,496867.235925404,
IL-6 R alpha [pgML],319,IL-6 R alpha,132,pgMl,P08887,,,,,8.45024409614414,711545.109272337,
IL-7 [pgML],320,IL-7,133,pgMl,P13232,,,,,2.03655936411791,13005.3249353959,
IL-8 [pgML],321,IL-8,134,pgMl,P10145,,,,,2.11727155277166,11749.415323991,
IL-9 [pgML],322,IL-9,135,pgMl,P15248,,,,,1796.36157872216,5067871.84469407,
Leptin [pgML],323,Leptin,136,pgMl,P41159,,,,,50.3479710332762,3203845.70758859,
LIF [pgML],324,LIF,137,pgMl,P15018,,,,,4.14387191717266,770161.922364901,
LOX1 (OLR1) [pgML],325,LOX1 (OLR1),138,pgMl,P78380,,,,,28.5965046596146,1085277.66481457,
M-CSF [pgML],326,M-CSF,139,pgMl,P09603,,,,,176.583284072828,1050886.0672428,
M-CSF R (CD115) [pgML],327,M-CSF R (CD115),140,pgMl,P07333,,,,,223.04843826377,1836599.63950666,
Mesothelin [pgML],328,Mesothelin,141,pgMl,Q13421,,,,,359.84356229478,4701580.27839215,
MIF [pgML],329,MIF,142,pgMl,P14174,,,,,39.5213382727365,3477913.43870011,
MMP-1 [pgML],330,MMP-1,143,pgMl,P03956,,,,,4.28582214147787,513743.162206084,
MMP-10 [pgML],331,MMP-10,144,pgMl,P09238,,,,,266.319204670886,3625617.07039809,
MMP-12 [pgML],332,MMP-12,145,pgMl,P39900,,,,,33.9360186291275,178113.504965338,
MMP-2 [pgML],333,MMP-2,146,pgMl,P08253,,,,,7667.02400881324,4000193.11684259,
MMP-3 [pgML],334,MMP-3,147,pgMl,P08254,,,,,16.6312986085163,3135634.39964018,
MMP-7 [pgML],335,MMP-7,148,pgMl,P09237,,,,,36.4994455758388,1989705.88558771,
MMP-9 [pgML],336,MMP-9,149,pgMl,P14780,,,,,1056.39530818262,3688914.45435538,
NF-L [pgML],337,NF-L,150,pgMl,P07196,,,,,3735.22186812605,4959702.53300872,
NGF beta [pgML],338,NGF beta,151,pgMl,P01138,,,,,7.46225805476874,74057.8193744087,
NRG1 beta 1 [pgML],339,NRG1 beta 1,152,pgMl,Q02297,,,,,359.939982792184,372104.575645616,
Oncostatin M (OSM) [pgML],340,Oncostatin M (OSM),153,pgMl,P13725,,,,,11.5598922806926,209822.324950396,
Osteopontin (OPN) [pgML],341,Osteopontin (OPN),154,pgMl,P10451,,,,,226.883453132051,2945080.69337965,
PCSK9 [pgML],342,PCSK9,155,pgMl,Q8NBP7,,,,,3702.3011696299,4076317.0983923,
PDGF-BB [pgML],343,PDGF-BB,156,pgMl,P01127,,,,,108.349147545987,18374.9913641932,
PLGF [pgML],344,PLGF,157,pgMl,P49763,,,,,62.2069120156437,884670.536732559,
PTX3 (Pentraxin 3) [pgML],345,PTX3 (Pentraxin 3),158,pgMl,P26022,,,,,547.592901635777,1066113.59204504,
Resistin [pgML],346,Resistin,159,pgMl,Q9HD89,,,,,199.391909371208,2008350.71537331,
SAA [pgML],347,SAA,160,pgMl,P0DJI8,,,,,2328.91126415467,4546136.6254529,
SCF [pgML],348,SCF,161,pgMl,P21583,,,,,33.5348852290373,4334397.64288856,
ST2 (IL-33R) [pgML],349,ST2 (IL-33R),162,pgMl,Q01638,,,,,55.6304095995275,345722.55036675,
TGF-beta 1 (LAP domain in precursor) [pgML],350,TGF-beta 1 (LAP domain in precursor),163,pgMl,P01137,,,,,29.9736018237649,2821154.20217346,
TGF-beta 1 (total) [pgML],351,TGF-beta 1 (total),164,pgMl,P01137,,,,,15.626097762114,96642.4739611625,
TGF-beta 2 [pgML],352,TGF-beta 2,165,pgMl,P61812,,,,,171.449717673003,388509.516751217,
TGF-beta 3 [pgML],353,TGF-beta 3,166,pgMl,P10600,,,,,61.5631918583706,854944.463411069,
Tie-2 [pgML],354,Tie-2,167,pgMl,Q02763,,,,,246.764966964449,4709827.18134546,
TIMP1 [pgML],355,TIMP1,168,pgMl,P01033,,,,,11.1949868263146,669989.728305158,
Tissue Factor (TF) [pgML],356,Tissue Factor (TF),169,pgMl,P13726,,,,,29.6248308468501,1716686.57735901,
TNF alpha [pgML],357,TNF alpha,170,pgMl,P01375,,,,,28.746684664668,1715154.96961673,
TNF RI [pgML],358,TNF RI,171,pgMl,P19438,,,,,68.1866389797052,1334746.14499602,
TNF RII [pgML],359,TNF RII,172,pgMl,P20333,,,,,15.7576015733395,895128.793266373,
TNF RIII (Lymphotoxin Beta R) [pgML],360,TNF RIII (Lymphotoxin Beta R),173,pgMl,P36941,,,,,45.1498807980261,4450158.29725239,
TPO (Thrombopoietin) [pgML],361,TPO (Thrombopoietin),174,pgMl,P40225,,,,,534.78973725316,826838.283133861,
TRAIL [pgML],362,TRAIL,175,pgMl,P50591,,,,,1304.62829263416,1750583.02660511,
TREM2 [pgML],363,TREM2,176,pgMl,Q9NZC2,,,,,2406.39601259742,209594.203008411,
TSLP [pgML],364,TSLP,177,pgMl,Q969D9,,,,,0.660499746599096,31335.4491196148,
TWEAK [pgML],365,TWEAK,178,pgMl,O43508,,,,,248.215211403565,802880.384606766,
uPA [pgML],366,uPA,179,pgMl,P00749,,,,,450.959954343002,3920614.52870244,
VCAM-1 [pgML],367,VCAM-1,180,pgMl,P19320,,,,,1031.19724470755,2222747.43237243,
VEGF Receptor 2 (Flk-1) [pgML],368,VEGF Receptor 2 (Flk-1),181,pgMl,P35968,,,,,423.884923295776,3855662.38760549,
VEGF-A (165) [pgML],369,VEGF-A (165),182,pgMl,P15692,,,,,10.2173395264146,127317.433987796,
VEGF-C [pgML],370,VEGF-C,183,pgMl,P49767,,,,,2046.46971939185,2223577.63094272,
VEGF-D [pgML],371,VEGF-D,184,pgMl,O43915,,,,,52.5228945726954,1874491.76866473,
VEGFR-1 [pgML],372,VEGFR-1,185,pgMl,P17948,,,,,1722.80899871297,4413192.43011261,
WISP-1 (CCN4) [pgML],373,WISP-1 (CCN4),186,pgMl,O95388,,,,,48.4835702670858,712936.349088984,
XCL1 (Lymphotactin) [pgML],374,XCL1 (Lymphotactin),187,pgMl,P47992,,,,,51.8115473027765,201968.977859648,
